epoch,step,train_acc,train_loss,val_acc,val_loss
0,3,,,0.009173285216093063,4.791274070739746
0,3,0.0057441252283751965,4.792972564697266,,
